{"l'oro": {"interval": 2, "due": 1754696292.4935303, "ease": 2.6}, "la cintura": {"interval": 2, "due": 1754696310.3871982, "ease": 2.6}}