{"la pecora": {"interval": 2, "due": 1754354060.2984087, "ease": 2.6}, "il canguro": {"interval": 2, "due": 1754354067.785791, "ease": 2.6}, "la giraffa": {"interval": 2, "due": 1754354072.6090894, "ease": 2.6}, "la tartaruga": {"interval": 5, "due": 1754613612.169032, "ease": 2.7}, "il cane": {"interval": 2, "due": 1754354080.8731446, "ease": 2.6}, "l'orso": {"interval": 2, "due": 1754354088.216914, "ease": 2.6}, "la balena": {"interval": 1, "due": 1754267691.793238, "ease": 2.3}, "il rinoceronte": {"interval": 1, "due": 1754267700.9053407, "ease": 2.3}, "il cammello": {"interval": 2, "due": 1754354105.4968965, "ease": 2.6}, "l'elefante": {"interval": 2, "due": 1754354110.7051547, "ease": 2.6}, "il gatto": {"interval": 2, "due": 1754354136.0330749, "ease": 2.6}, "il panda": {"interval": 2, "due": 1754354138.5370135, "ease": 2.6}, "l'uccello": {"interval": 2, "due": 1754354159.4169807, "ease": 2.6}, "il cavallo": {"interval": 2, "due": 1754354163.5610964, "ease": 2.6}, "il delfino": {"interval": 2, "due": 1754354167.3930943, "ease": 2.6}, "la volpe": {"interval": 2, "due": 1754354179.776906, "ease": 2.6}, "la tigre": {"interval": 2, "due": 1754354184.5608454, "ease": 2.6}, "la gallina": {"interval": 2, "due": 1754354188.4969802, "ease": 2.6}, "l'ippopotamo": {"interval": 1, "due": 1754267797.329318, "ease": 2.3}, "la mucca": {"interval": 1, "due": 1754267805.8250153, "ease": 2.3}, "la foca": {"interval": 1, "due": 1754267809.6410515, "ease": 2.3}, "la rana": {"interval": 2, "due": 1754354214.3455741, "ease": 2.6}, "il gallo": {"interval": 2, "due": 1754354228.1617484, "ease": 2.6}, "la zebra": {"interval": 2, "due": 1754354236.6251829, "ease": 2.6}, "l'aquila": {"interval": 2, "due": 1754354247.8333898, "ease": 2.6}, "il pinguino": {"interval": 2, "due": 1754354253.0412252, "ease": 2.6}, "il maiale": {"interval": 1, "due": 1754267858.537109, "ease": 2.3}, "il topo": {"interval": 2, "due": 1754354287.0649536, "ease": 2.6}, "l'anatra": {"interval": 2, "due": 1754354289.9689476, "ease": 2.6}, "il serpente": {"interval": 2, "due": 1754354293.616977, "ease": 2.6}, "il gufo": {"interval": 1, "due": 1754267895.9531898, "ease": 2.3}, "il tacchino": {"interval": 1, "due": 1754267902.7369833, "ease": 2.3}, "il coniglio": {"interval": 2, "due": 1754354317.5372977, "ease": 2.6}, "il leone": {"interval": 2, "due": 1754354330.8971941, "ease": 2.6}, "il cervo": {"interval": 1, "due": 1754267934.5694976, "ease": 2.3}, "la capra": {"interval": 1, "due": 1754267937.553069, "ease": 2.3}, "la scimmia": {"interval": 2, "due": 1754354352.2652895, "ease": 2.6}, "il pesce": {"interval": 2, "due": 1754354367.5210958, "ease": 2.6}, "il lupo": {"interval": 2, "due": 1754354381.7369912, "ease": 2.6}}