{"la strategia": {"interval": 1, "due": 1754609927.09114, "ease": 2.3}, "la veglia": {"interval": 2, "due": 1754696341.0910115, "ease": 2.6}, "la cintura": {"interval": 2, "due": 1754696347.7392871, "ease": 2.6}, "la pistola": {"interval": 2, "due": 1754696351.947415, "ease": 2.6}, "l'agente": {"interval": 2, "due": 1754696358.7632067, "ease": 2.6}, "l'investimento": {"interval": 1, "due": 1754609972.9070063, "ease": 2.3}, "l'organizzazione": {"interval": 1, "due": 1754609982.3791504, "ease": 2.3}, "il concerto": {"interval": 2, "due": 1754696392.3710463, "ease": 2.6}}