{"macchina": {"interval": 2, "due": 1754342710.5455203, "ease": 2.6}, "foto": {"interval": 2, "due": 1754342713.576648, "ease": 2.6}, "gioco": {"interval": 2, "due": 1754342717.6166828, "ease": 2.6}, "orologio": {"interval": 1, "due": 1754256323.5288835, "ease": 2.3}, "uccello": {"interval": 2, "due": 1754342730.409022, "ease": 2.6}, "soldi": {"interval": 2, "due": 1754342733.9208224, "ease": 2.6}, "cane": {"interval": 2, "due": 1754342736.5368617, "ease": 2.6}, "Musik": {"interval": 1, "due": 1754256384.3770633, "ease": 2.3}}