{"macchina": {"interval": 2, "due": 1754342710.5455203, "ease": 2.6}, "foto": {"interval": 2, "due": 1754342713.576648, "ease": 2.6}, "gioco": {"interval": 2, "due": 1754342717.6166828, "ease": 2.6}, "orologio": {"interval": 1, "due": 1754256323.5288835, "ease": 2.3}, "uccello": {"interval": 2, "due": 1754342730.409022, "ease": 2.6}, "soldi": {"interval": 2, "due": 1754342733.9208224, "ease": 2.6}, "cane": {"interval": 2, "due": 1754342736.5368617, "ease": 2.6}, "Musik": {"interval": 1, "due": 1754256384.3770633, "ease": 2.3}, "il caso": {"interval": 5, "due": 1754602498.400813, "ease": 2.7}, "la musica": {"interval": 2, "due": 1754343301.7929094, "ease": 2.6}, "il gatto": {"interval": 2, "due": 1754343306.4729826, "ease": 2.6}, "l\u2019acqua": {"interval": 2, "due": 1754343309.6490939, "ease": 2.6}, "Stadt": {"interval": 1, "due": 1754256926.1376033, "ease": 2.3}, "Auge": {"interval": 1, "due": 1754256951.504787, "ease": 2.0999999999999996}, "Programm": {"interval": 1, "due": 1754256959.8890414, "ease": 2.3}, "Ton": {"interval": 1, "due": 1754256967.3449724, "ease": 2.3}, "Wand": {"interval": 1, "due": 1754256972.112753, "ease": 2.3}, "Geld": {"interval": 1, "due": 1754256985.3126562, "ease": 2.3}, "Internet": {"interval": 1, "due": 1754256992.0727408, "ease": 2.3}, "Frau": {"interval": 2, "due": 1754343405.5535457, "ease": 2.6}, "Kleid": {"interval": 2, "due": 1754343412.0010316, "ease": 2.6}, "Film": {"interval": 2, "due": 1754343414.8807964, "ease": 2.6}, "Tag": {"interval": 2, "due": 1754343419.8729835, "ease": 2.6}, "Auto": {"interval": 2, "due": 1754343425.39291, "ease": 2.6}, "Luft": {"interval": 1, "due": 1754257033.409332, "ease": 2.3}, "Welt": {"interval": 2, "due": 1754343437.9126806, "ease": 2.6}, "Woche": {"interval": 2, "due": 1754343442.6249936, "ease": 2.6}, "Zahl": {"interval": 2, "due": 1754343576.5309248, "ease": 2.6}, "T\u00fcr": {"interval": 2, "due": 1754343592.7047522, "ease": 2.6}, "Stra\u00dfe": {"interval": 2, "due": 1754343601.2166882, "ease": 2.6}, "il muro": {"interval": 1, "due": 1754257276.5767848, "ease": 2.3}, "Schatten": {"interval": 1, "due": 1754257887.6903715, "ease": 2.3}, "Polizei": {"interval": 1, "due": 1754257896.1529305, "ease": 2.3}, "Antwort": {"interval": 1, "due": 1754257923.993018, "ease": 2.0999999999999996}, "Stunde": {"interval": 1, "due": 1754257913.0487838, "ease": 2.3}, "Fenster": {"interval": 1, "due": 1754257936.0728085, "ease": 2.3}, "Apotheke": {"interval": 1, "due": 1754257946.6811643, "ease": 2.3}, "Boden": {"interval": 1, "due": 1754257958.1128008, "ease": 2.3}, "E-Mail": {"interval": 1, "due": 1754257986.824833, "ease": 2.3}, "Tisch": {"interval": 2, "due": 1754344395.5688393, "ease": 2.6}, "Abend": {"interval": 2, "due": 1754344399.4090886, "ease": 2.6}, "Spielzeug": {"interval": 1, "due": 1754258004.3847704, "ease": 2.3}, "loro potere": {"interval": 5, "due": 1754604352.320731, "ease": 2.7}, "io potere": {"interval": 2, "due": 1754344937.5854194, "ease": 2.6}, "loro andare": {"interval": 2, "due": 1754344943.720895, "ease": 2.6}, "io essere": {"interval": 5, "due": 1754604360.6971438, "ease": 2.7}, "loro essere": {"interval": 2, "due": 1754345164.9930322, "ease": 2.6}, "voi potere": {"interval": 2, "due": 1754345172.3208177, "ease": 2.6}, "tu andare": {"interval": 2, "due": 1754345176.6250372, "ease": 2.6}, "noi potere": {"interval": 2, "due": 1754345187.0566921, "ease": 2.6}, "io fare": {"interval": 2, "due": 1754345191.9687219, "ease": 2.6}, "pensare": {"interval": 2, "due": 1754345485.450623, "ease": 2.6}, "credere": {"interval": 1, "due": 1754259090.3375168, "ease": 2.3}, "spiegare": {"interval": 2, "due": 1754345497.505058, "ease": 2.6}, "dovere": {"interval": 2, "due": 1754345500.3290925, "ease": 2.6}, "noi muovere": {"interval": 1, "due": 1754259523.648917, "ease": 2.0999999999999996}, "": {"interval": 1, "due": 1754259924.3336632, "ease": 2.3}, "seguire": {"interval": 1, "due": 1754261095.1426258, "ease": 2.3}, "incontrare": {"interval": 1, "due": 1754261105.4489818, "ease": 2.3}, "fare": {"interval": 2, "due": 1754347568.4616938, "ease": 2.6}, "avere": {"interval": 2, "due": 1754347574.504991, "ease": 2.6}, "il lavoro": {"interval": 2, "due": 1754347701.473023, "ease": 2.6}, "la donna": {"interval": 2, "due": 1754347706.4248755, "ease": 2.6}, "la pagina": {"interval": 1, "due": 1754261314.184829, "ease": 2.3}, "la parte": {"interval": 1, "due": 1754261321.3049428, "ease": 2.3}, "il cane": {"interval": 1, "due": 1754261325.3851323, "ease": 2.3}, "l\u2019amico": {"interval": 1, "due": 1754261331.0251365, "ease": 2.3}, "l\u2019occhio": {"interval": 1, "due": 1754261406.7928193, "ease": 2.3}, "il fuoco": {"interval": 2, "due": 1754347818.560998, "ease": 2.6}, "la risposta": {"interval": 1, "due": 1754261502.3775725, "ease": 2.3}, "l\u2019internet": {"interval": 2, "due": 1754347907.384962, "ease": 2.6}, "la lingua": {"interval": 2, "due": 1754347912.3529327, "ease": 2.6}, "il padre": {"interval": 2, "due": 1754347916.0568457, "ease": 2.6}, "la mano": {"interval": 2, "due": 1754347918.8009322, "ease": 2.6}, "il gioco": {"interval": 2, "due": 1754347928.5691402, "ease": 2.6}, "l\u2019uccello": {"interval": 1, "due": 1754261535.0888457, "ease": 2.3}, "la storia": {"interval": 2, "due": 1754347941.1212633, "ease": 2.6}, "giungere": {"interval": 1, "due": 1754261548.5690997, "ease": 2.3}, "il vestito": {"interval": 1, "due": 1754261832.1788256, "ease": 2.3}, "l\u2019utente": {"interval": 1, "due": 1754261871.3288896, "ease": 2.3}, "il tavolo": {"interval": 1, "due": 1754261876.6088524, "ease": 2.3}, "il soffitto": {"interval": 1, "due": 1754261883.2568543, "ease": 2.3}, "la foto": {"interval": 1, "due": 1754261888.2409375, "ease": 2.3}, "il messaggio": {"interval": 2, "due": 1754348294.0649388, "ease": 2.6}, "la scarpa": {"interval": 1, "due": 1754261912.0408127, "ease": 2.3}, "il posto": {"interval": 2, "due": 1754348315.864966, "ease": 2.6}, "il numero": {"interval": 2, "due": 1754348319.1049228, "ease": 2.6}, "il pesce": {"interval": 2, "due": 1754348321.8329563, "ease": 2.6}, "il tempo": {"interval": 2, "due": 1754348324.5370948, "ease": 2.6}, "la settimana": {"interval": 2, "due": 1754348328.4968233, "ease": 2.6}, "l\u2019albero": {"interval": 2, "due": 1754348332.2407863, "ease": 2.6}, "la strada": {"interval": 2, "due": 1754348337.1450047, "ease": 2.6}, "il letto": {"interval": 2, "due": 1754348341.3450093, "ease": 2.6}, "l\u2019e-mail": {"interval": 1, "due": 1754261945.2488143, "ease": 2.3}, "il medico": {"interval": 2, "due": 1754348349.3529582, "ease": 2.6}, "il computer": {"interval": 2, "due": 1754348353.2332637, "ease": 2.6}, "il film": {"interval": 2, "due": 1754348356.2168984, "ease": 2.6}, "l\u2019animale": {"interval": 2, "due": 1754348358.7131984, "ease": 2.6}, "il programma": {"interval": 2, "due": 1754348364.6250942, "ease": 2.6}, "il giocattolo": {"interval": 2, "due": 1754348374.4408822, "ease": 2.6}, "l\u2019ospedale": {"interval": 2, "due": 1754348382.9208732, "ease": 2.6}, "la voce": {"interval": 2, "due": 1754348386.2328467, "ease": 2.6}, "il soldato": {"interval": 2, "due": 1754348392.032801, "ease": 2.6}, "la lettera": {"interval": 2, "due": 1754348395.1608512, "ease": 2.6}, "la madre": {"interval": 2, "due": 1754348397.7769058, "ease": 2.6}, "la cosa": {"interval": 1, "due": 1754262001.0489237, "ease": 2.3}, "la bevanda": {"interval": 2, "due": 1754348407.4809723, "ease": 2.6}, "la testa": {"interval": 2, "due": 1754348411.2973723, "ease": 2.6}, "la citt\u00e0": {"interval": 2, "due": 1754348414.984847, "ease": 2.6}, "il mare": {"interval": 2, "due": 1754348418.1449099, "ease": 2.6}, "la vita": {"interval": 2, "due": 1754348420.5529885, "ease": 2.6}, "il colore": {"interval": 2, "due": 1754348423.073221, "ease": 2.6}, "il mese": {"interval": 2, "due": 1754348425.649103, "ease": 2.6}, "il cuore": {"interval": 2, "due": 1754348428.257061, "ease": 2.6}, "il corpo": {"interval": 2, "due": 1754348431.1850207, "ease": 2.6}, "il telefono": {"interval": 2,