{"la pecora": {"interval": 2, "due": 1754354060.2984087, "ease": 2.6}, "il canguro": {"interval": 2, "due": 1754354067.785791, "ease": 2.6}, "la giraffa": {"interval": 2, "due": 1754354072.6090894, "ease": 2.6}, "la tartaruga": {"interval": 5, "due": 1754613612.169032, "ease": 2.7}, "il cane": {"interval": 2, "due": 1754354080.8731446, "ease": 2.6}, "l'orso": {"interval": 2, "due": 1754354088.216914, "ease": 2.6}, "la balena": {"interval": 1, "due": 1754267691.793238, "ease": 2.3}, "il rinoceronte": {"interval": 1, "due": 1754267700.9053407, "ease": 2.3}, "il cammello": {"interval": 2, "due": 1754354105.4968965, "ease": 2.6}, "l'elefante": {"interval": 2, "due": 1754354110.7051547, "ease": 2.6}, "il gatto": {"interval": 2, "due": 1754354136.0330749, "ease": 2.6}, "il panda": {"interval": 2, "due": 1754354138.5370135, "ease": 2.6}, "l'uccello": {"interval": 2, "due": 1754354159.4169807, "ease": 2.6}, "il cavallo": {"interval": 2, "due": 1754354163.5610964, "ease": 2.6}, "il delfino": {"interval": 2, "due": 1754354167.3930943, "ease": 2.6}, "la volpe": {"interval": 2, "due": 1754354179.776906, "ease": 2.6}, "la tigre": {"interval": 2, "due": 1754354184.5608454, "ease": 2.6}, "la gallina": {"interval": 2, "due": 1754354188.4969802, "ease": 2.6}, "l'ippopotamo": {"interval": 1, "due": 1754267797.329318, "ease": 2.3}, "la mucca": {"interval": 1, "due": 1754431150.0361023, "ease": 2.0999999999999996}, "la foca": {"interval": 1, "due": 1754267809.6410515, "ease": 2.3}, "la rana": {"interval": 2, "due": 1754354214.3455741, "ease": 2.6}, "il gallo": {"interval": 2, "due": 1754354228.1617484, "ease": 2.6}, "la zebra": {"interval": 2, "due": 1754354236.6251829, "ease": 2.6}, "l'aquila": {"interval": 2, "due": 1754354247.8333898, "ease": 2.6}, "il pinguino": {"interval": 2, "due": 1754354253.0412252, "ease": 2.6}, "il maiale": {"interval": 1, "due": 1754267858.537109, "ease": 2.3}, "il topo": {"interval": 2, "due": 1754354287.0649536, "ease": 2.6}, "l'anatra": {"interval": 2, "due": 1754354289.9689476, "ease": 2.6}, "il serpente": {"interval": 2, "due": 1754354293.616977, "ease": 2.6}, "il gufo": {"interval": 1, "due": 1754431142.067164, "ease": 2.0999999999999996}, "il tacchino": {"interval": 1, "due": 1754431133.7884188, "ease": 2.0999999999999996}, "il coniglio": {"interval": 2, "due": 1754354317.5372977, "ease": 2.6}, "il leone": {"interval": 2, "due": 1754354330.8971941, "ease": 2.6}, "il cervo": {"interval": 1, "due": 1754267934.5694976, "ease": 2.3}, "la capra": {"interval": 1, "due": 1754267937.553069, "ease": 2.3}, "la scimmia": {"interval": 2, "due": 1754354352.2652895, "ease": 2.6}, "il pesce": {"interval": 2, "due": 1754354367.5210958, "ease": 2.6}, "il lupo": {"interval": 2, "due": 1754354381.7369912, "ease": 2.6}, "la parrucca": {"interval": 1, "due": 1754434195.1990252, "ease": 2.6}, "la lumaca": {"interval": 1, "due": 1754434275.1111743, "ease": 2.1999999999999997}, "l'elemosiniere": {"interval": 1, "due": 1754433447.2620535, "ease": 2.0999999999999996}, "il barone": {"interval": 5, "due": 1754780864.256505, "ease": 2.6}, "la madre": {"interval": 13, "due": 1755471100.478823, "ease": 2.8000000000000003}, "l'elce": {"interval": 5, "due": 1754777817.4050193, "ease": 2.7}, "il mare": {"interval": 13, "due": 1755470926.3267684, "ease": 2.8000000000000003}, "la sala da pranzo": {"interval": 1, "due": 1754434226.1109474, "ease": 1.9999999999999998}, "il capotavola": {"interval": 4, "due": 1754693468.3270173, "ease": 2.5}, "la tradizione": {"interval": 1, "due": 1754432284.8048997, "ease": 2.0999999999999996}, "la generalessa": {"interval": 10, "due": 1755209866.9651804, "ease": 2.6}, "il giugno": {"interval": 4, "due": 1754691473.7887568, "ease": 2.5}, "la tavola": {"interval": 312, "due": 1781304587.7107418, "ease": 3.0}, "il ramo": {"interval": 4, "due": 1754693461.759138, "ease": 2.5}, "l'abate": {"interval": 1, "due": 1754435957.0810618, "ease": 1.9999999999999998}, "il ragazzo": {"interval": 5, "due": 1754779219.3498201, "ease": 2.7}, "la cosa": {"interval": 2, "due": 1754520652.1269562, "ease": 2.4}, "la foglia": {"interval": 1, "due": 1754434239.1430197, "ease": 2.4}, "la finestra": {"interval": 5, "due": 1754779832.1828907, "ease": 2.7}, "la monaca": {"interval": 1, "due": 1754434180.855049, "ease": 2.4}, "la famiglia": {"interval": 2, "due": 1754518472.012042, "ease": 2.6}, "il tempo": {"interval": 5, "due": 1754779897.6632495, "ease": 3.0}, "il piatto": {"interval": 1704, "due": 1901573485.0549953, "ease": 3.0}, "la disubbidienza": {"interval": 1, "due": 1754434133.1030135, "ease": 2.5}, "il parco": {"interval": 2, "due": 1754518503.9485903, "ease": 2.6}, "il mezzogiorno": {"interval": 5, "due": 1754779240.8062975, "ease": 2.7}, "il vento": {"interval": 2, "due": 1754518511.5002143, "ease": 2.6}, "il fratello": {"interval": 5, "due": 1754777758.172632, "ease": 2.7}, "la villa": {"interval": 13, "due": 1755471118.3591342, "ease": 2.8000000000000003}, "la sorella": {"interval": 13, "due": 1755472761.5849688, "ease": 2.8000000000000003}, "l'orecchio": {"interval": 1, "due": 1754433974.0785124, "ease": 2.4}, "la terra": {"interval": 2, "due": 1754521677.9757912, "ease": 2.6}, "il bar": {"interval": 2, "due": 1754521682.2398171, "ease": 2.6}, "la verdura": {"interval": 2, "due": 1754521687.1597688, "ease": 2.6}, "la casa": {"interval": 2, "due": 1754521692.9596148, "ease": 2.6}, "il panino": {"interval": 1, "due": 1754435314.0718856, "ease": 2.3}, "la notte": {"interval": 2, "due": 1754521721.4959633, "ease": 2.6}, "il fuoco": {"interval": 2, "due": 1754521724.7758079, "ease": 2.6}, "l'albero": {"interval": 2, "due": 1754521738.6323285, "ease": 2.6}, "il mouse": {"interval": 1, "due": 1754435342.6642401, "ease": 2.3}, "il naso": {"interval": 2, "due": 1754521778.4485216, "ease": 2.6}, "la scuola": {"interval": 1, "due": 1754435387.0082858, "ease": 2.3}, "il bambino": {"interval": 2, "due": 1754521799.7683318, "ease": 2.6}, "il cibo": {"interval": 2, "due": 1754521805.392416, "ease": 2.6}, "la luna": {"interval": 2, "due": 1754521811.424263, "ease": 2.6}, "il cielo": {"interval": 2, "due": 1754521816.9131873, "ease": 2.6}, "il campo": {"interval": 2, "due": 1754521825.200081, "ease": 2.6}, "la sabbia": {"interval": 1, "due": 1754435429.8484604, "ease": 2.3}, "la borsa": {"interval": 1, "due": 1754435551.6884427, "ease": 2.3}, "la pasta": {"interval": 1, "due": 1754435570.4409685, "ease": 2.3}, "l'acqua": {"interval": 2, "due": 1754521982.3685436, "ease": 2.6}, "il fiore": {"interval": 2, "due": 1754521990.6804457, "ease": 2.6}, "il sole": {"interval": 2, "due": 1754521994.3525186, "ease": 2.6}, "il ponte": {"interval": 2, "due": 1754522000.0963926, "ease": 2.6}, "il formaggio": {"interval": 2, "due": 1754522010.552694, "ease": 2.6}, "la neve": {"interval": 2, "due": 1754522013.7124825, "ease": 2.6}, "il treno": {"interval": 2, "due": 1754522020.536431, "ease": 2.6}, "la bambina": {"interval": 1, "due": 1754435632.3285923, "ease": 2.3}, "la carne": {"interval": 1, "due": 1754435640.1525614, "ease": 2.3}, "il telefono": {"interval": 2, "due": 1754522047.0485318, "ease": 2.6}, "il bosco": {"interval": 1, "due": 1754435657.0245261, "ease": 2.3}, "la chiesa": {"interval": 2, "due": 1754522067.2087955, "ease": 2.6}, "il desco": {"interval": 1, "due": 1754435689.1150656, "ease": 2.3}, "il pasto": {"interval": 1, "due": 1754435704.304678, "ease": 2.3}, "la fatalit\u00e0": {"interval": 1, "due": 1754435981.8252027, "ease": 2.4}, "il gomito": {"interval": 1, "due": 1754435727.312775, "ease": 2.3}, "il sorso": {"interval": 1, "due": 1754435731.7849011, "ease": 2.3}, "la stanzetta": {"interval": 1, "due": 1754435741.1367934, "ease": 2.3}, "l'idraulico": {"interval": 2, "due": 1754522340.8649, "ease": 2.4}, "l'avvocato": {"interval": 1, "due": 1754435909.7769268, "ease": 2.4}, "l'anno": {"interval": 2, "due": 1754522165.8566656, "ease": 2.6}, "il pollo": {"interval": 5, "due": 1754781564.8089235, "ease": 2.7}, "l'uomo": {"interval": 2,